id	genome	motu	domain	phylum	class	order	family	genus	species	qscore	completeness	contamination	n50	scaffolds	gc_content	genome_size	motu_status	sample	Sample_Number	Sample name	BioSample	SRA	Organism	Title	isolation source	collection date	geographic location	latitude and longitude	sample collection device or method	sample material processing	sample size	ammonium	miscellaneous parameter	nitrate	nitrite	phosphate	silicate	chlorophyll	density	temperature	Description	ID
367379	COEL20-1_SAMN07406933_MAG_00000001	mOTUv4.0_000843	Bacteria	Cyanobacteriota	Cyanobacteriia	PCC-6307	Cyanobiaceae	Parasynechococcus	Parasynechococcus sp002724845	80.68	91.53	2.17	16091	170	0.63	1716401	member	SAMN07406933	77	MG001	SAMN07406933	SRS2381857	seawater metagenome	Metagenome or environmental sample from seawater metagenome	saline water	2013-01-27	Saudi Arabia: Thuwal	22.304 N 39.103 E	Niskin bottle	filtered onto a 2um CellTrap	4L	3.172	M001	0.0	0.2	0.0	1.6				control mesocosm	7406933
367386	COEL20-1_SAMN07406935_MAG_00000001	mOTUv4.0_000843	Bacteria	Cyanobacteriota	Cyanobacteriia	PCC-6307	Cyanobiaceae	Parasynechococcus	Parasynechococcus sp002724845	88.72	95.77	1.41	19839	156	0.63	1724850	member	SAMN07406935	75	MG003	SAMN07406935	SRS2381855	seawater metagenome	Metagenome or environmental sample from seawater metagenome	saline water	2013-01-27	Saudi Arabia: Thuwal	22.304 N 39.103 E	Niskin bottle	filtered onto a 2um CellTrap	4L	3.99	M003	7.6	0.0	0.35	18.5				N,P,Si Day 1 single addition	7406935
367393	COEL20-1_SAMN07406937_MAG_00000002	mOTUv4.0_000843	Bacteria	Cyanobacteriota	Cyanobacteriia	PCC-6307	Cyanobiaceae	Parasynechococcus	Parasynechococcus sp002724845	87.32	94.37	1.41	22059	152	0.63	1682168	member	SAMN07406937	73	MG005	SAMN07406937	SRS2381861	seawater metagenome	Metagenome or environmental sample from seawater metagenome	saline water	2013-01-27	Saudi Arabia: Thuwal	22.304 N 39.103 E	Niskin bottle	filtered onto a 2um CellTrap	4L	7.833	M005	2.85	0.0	0.0	4.65				N,P,Si 2 week continuous addition	7406937
367394	COEL20-1_SAMN07406937_MAG_00000003	mOTUv4.0_016228	Bacteria	Pseudomonadota	Gammaproteobacteria	Pseudomonadales	Halieaceae	Luminiphilus	Unknown Luminiphilus	85.91	92.96	1.41	4869	448	0.53	1942084	member	SAMN07406937	73	MG005	SAMN07406937	SRS2381861	seawater metagenome	Metagenome or environmental sample from seawater metagenome	saline water	2013-01-27	Saudi Arabia: Thuwal	22.304 N 39.103 E	Niskin bottle	filtered onto a 2um CellTrap	4L	7.833	M005	2.85	0.0	0.0	4.65				N,P,Si 2 week continuous addition	7406937
367398	COEL20-1_SAMN07406938_MAG_00000006	mOTUv4.0_016228	Bacteria	Pseudomonadota	Gammaproteobacteria	Pseudomonadales	Halieaceae	Luminiphilus	Unknown Luminiphilus	76.04	90.14	2.82	5273	447	0.53	2117189	member	SAMN07406938	72	MG006	SAMN07406938	SRS2381862	seawater metagenome	Metagenome or environmental sample from seawater metagenome	saline water	2013-01-27	Saudi Arabia: Thuwal	22.304 N 39.103 E	Niskin bottle	filtered onto a 2um CellTrap	4L	3.526	M006	0.0	0.0	0.0	0.95				control mesocosm	7406938
367399	COEL20-1_SAMN07406938_MAG_00000007	mOTUv4.0_026365	Bacteria	Pseudomonadota	Gammaproteobacteria	Pseudomonadales	Halieaceae	Luminiphilus	Unknown Luminiphilus	78.86	92.96	2.82	7493	545	0.59	3118291	member	SAMN07406938	72	MG006	SAMN07406938	SRS2381862	seawater metagenome	Metagenome or environmental sample from seawater metagenome	saline water	2013-01-27	Saudi Arabia: Thuwal	22.304 N 39.103 E	Niskin bottle	filtered onto a 2um CellTrap	4L	3.526	M006	0.0	0.0	0.0	0.95				control mesocosm	7406938
367406	COEL20-1_SAMN07406941_MAG_00000002	mOTUv4.0_026365	Bacteria	Pseudomonadota	Gammaproteobacteria	Pseudomonadales	Halieaceae	Luminiphilus	Unknown Luminiphilus	87.45	94.9	1.49	10963	414	0.58	3239833	representative	SAMN07406941	69	MG009	SAMN07406941	SRS2381853	seawater metagenome	Metagenome or environmental sample from seawater metagenome	saline water	2013-01-27	Saudi Arabia: Thuwal	22.304 N 39.103 E	Niskin bottle	filtered onto a 2um CellTrap	4L	5.952	M009	2.35	0.0	0.0	0.9				N,P 2 week continuous addition	7406941
367412	COEL20-1_SAMN07406943_MAG_00000005	mOTUv4.0_051154	Bacteria	Bacteroidota	Bacteroidia	Flavobacteriales	Flavobacteriaceae	UBA3478	UBA3478 sp011525015	98.59	98.59	0.0	16228	202	0.39	2116739	representative	SAMN07406943	67	MG023	SAMN07406943	SRS2381829	seawater metagenome	Metagenome or environmental sample from seawater metagenome	saline water	2013-01-29	Saudi Arabia: Thuwal	22.304 N 39.103 E	Niskin bottle	filtered onto a 2um CellTrap	4L	2.987	M023	8.45	0.16	0.65	21.4	0.078	1025.934	26.604	N,P,Si Day 1 single addition	7406943
367423	COEL20-1_SAMN07406944_MAG_00000003	no_mOTU	Bacteria	Pseudomonadota	Gammaproteobacteria	Pseudomonadales	Azotimanducaceae_A	UBA9926	Unknown UBA9926	91.54	98.59	1.41	6100	535	0.54	2781013	filtered	SAMN07406944	66	MG027	SAMN07406944	SRS2381830	seawater metagenome	Metagenome or environmental sample from seawater metagenome	saline water	2013-01-29	Saudi Arabia: Thuwal	22.304 N 39.103 E	Niskin bottle	filtered onto a 2um CellTrap	4L	5.922	M027	2.75	0.0	0.25	0.5	0.087		26.603	N,P Day 1 single addition	7406944
367431	COEL20-1_SAMN07406945_MAG_00000002	mOTUv4.0_059091	Bacteria	Bacteroidota	Bacteroidia	Flavobacteriales	Flavobacteriaceae	UBA8316	Unknown UBA8316	93.73	97.43	0.74	19844	148	0.38	1894544	member	SAMN07406945	65	MG041	SAMN07406945	SRS2381831	seawater metagenome	Metagenome or environmental sample from seawater metagenome	saline water	2013-01-31	Saudi Arabia: Thuwal	22.304 N 39.103 E	Niskin bottle	filtered onto a 2um CellTrap	4L	13.26	M041	0.0	0.2	0.0	1.7	0.068	1027.348	24.677	control mesocosm	7406945
367435	COEL20-1_SAMN07406945_MAG_00000008	no_mOTU	Bacteria	Pseudomonadota	Gammaproteobacteria	Pseudomonadales	Azotimanducaceae_A	UBA9926	Unknown UBA9926	81.67	95.77	2.82	4029	550	0.53	2132479	filtered	SAMN07406945	65	MG041	SAMN07406945	SRS2381831	seawater metagenome	Metagenome or environmental sample from seawater metagenome	saline water	2013-01-31	Saudi Arabia: Thuwal	22.304 N 39.103 E	Niskin bottle	filtered onto a 2um CellTrap	4L	13.26	M041	0.0	0.2	0.0	1.7	0.068	1027.348	24.677	control mesocosm	7406945
367436	COEL20-1_SAMN07406945_MAG_00000009	mOTUv4.0_015549	Bacteria	Bacteroidota	Rhodothermia	Balneolales	Balneolaceae	UBA1275	Unknown UBA1275	93.84	99.44	1.12	22631	157	0.41	2065026	member	SAMN07406945	65	MG041	SAMN07406945	SRS2381831	seawater metagenome	Metagenome or environmental sample from seawater metagenome	saline water	2013-01-31	Saudi Arabia: Thuwal	22.304 N 39.103 E	Niskin bottle	filtered onto a 2um CellTrap	4L	13.26	M041	0.0	0.2	0.0	1.7	0.068	1027.348	24.677	control mesocosm	7406945
367437	COEL20-1_SAMN07406945_MAG_00000010	mOTUv4.0_001800	Bacteria	Pseudomonadota	Gammaproteobacteria	Pseudomonadales	Pseudohongiellaceae	UBA9145	UBA9145 sp008081045	95.77	95.77	0.0	10636	346	0.55	2698072	member	SAMN07406945	65	MG041	SAMN07406945	SRS2381831	seawater metagenome	Metagenome or environmental sample from seawater metagenome	saline water	2013-01-31	Saudi Arabia: Thuwal	22.304 N 39.103 E	Niskin bottle	filtered onto a 2um CellTrap	4L	13.26	M041	0.0	0.2	0.0	1.7	0.068	1027.348	24.677	control mesocosm	7406945
367439	COEL20-1_SAMN07406945_MAG_00000014	mOTUv4.0_024638	Bacteria	Pseudomonadota	Gammaproteobacteria	SAR86	D2472	SCGC-AAA076-P13	Unknown SCGC-AAA076-P13	91.55	91.55	0.0	25547	68	0.33	1067645	representative	SAMN07406945	65	MG041	SAMN07406945	SRS2381831	seawater metagenome	Metagenome or environmental sample from seawater metagenome	saline water	2013-01-31	Saudi Arabia: Thuwal	22.304 N 39.103 E	Niskin bottle	filtered onto a 2um CellTrap	4L	13.26	M041	0.0	0.2	0.0	1.7	0.068	1027.348	24.677	control mesocosm	7406945
367445	COEL20-1_SAMN07406946_MAG_00000007	mOTUv4.0_024638	Bacteria	Pseudomonadota	Gammaproteobacteria	SAR86	D2472	SCGC-AAA076-P13	Unknown SCGC-AAA076-P13	87.32	94.37	1.41	20595	102	0.33	1067621	member	SAMN07406946	64	MG042	SAMN07406946	SRS2381832	seawater metagenome	Metagenome or environmental sample from seawater metagenome	saline water	2013-01-31	Saudi Arabia: Thuwal	22.304 N 39.103 E	Niskin bottle	filtered onto a 2um CellTrap	4L	9.418	M042	5.85	0.2	0.55	0.0	0.163	1025.843	24.674	N,P Day 1 single addition	7406946
367446	COEL20-1_SAMN07406946_MAG_00000010	mOTUv4.0_000718	Bacteria	Bacteroidota	Bacteroidia	Flavobacteriales	Flavobacteriaceae	MED-G14	Unknown MED-G14	91.86	91.86	0.0	15349	139	0.3	1283811	member	SAMN07406946	64	MG042	SAMN07406946	SRS2381832	seawater metagenome	Metagenome or environmental sample from seawater metagenome	saline water	2013-01-31	Saudi Arabia: Thuwal	22.304 N 39.103 E	Niskin bottle	filtered onto a 2um CellTrap	4L	9.418	M042	5.85	0.2	0.55	0.0	0.163	1025.843	24.674	N,P Day 1 single addition	7406946
367453	COEL20-1_SAMN07406947_MAG_00000005	mOTUv4.0_051433	Bacteria	Pseudomonadota	Alphaproteobacteria	Rhodobacterales	Rhodobacteraceae	HIMB11	Unknown HIMB11	84.5	91.55	1.41	22622	325	0.51	2186777	member	SAMN07406947	63	MG043	SAMN07406947	SRS2381833	seawater metagenome	Metagenome or environmental sample from seawater metagenome	saline water	2013-01-31	Saudi Arabia: Thuwal	22.304 N 39.103 E	Niskin bottle	filtered onto a 2um CellTrap	4L	11.526	M043	5.75	0.18	0.4	26.3	0.098	1027.257	24.69	N,P,Si Day 1 single addition	7406947
367454	COEL20-1_SAMN07406947_MAG_00000006	mOTUv4.0_024638	Bacteria	Pseudomonadota	Gammaproteobacteria	SAR86	D2472	SCGC-AAA076-P13	Unknown SCGC-AAA076-P13	84.5	91.55	1.41	27926	86	0.33	1051544	member	SAMN07406947	63	MG043	SAMN07406947	SRS2381833	seawater metagenome	Metagenome or environmental sample from seawater metagenome	saline water	2013-01-31	Saudi Arabia: Thuwal	22.304 N 39.103 E	Niskin bottle	filtered onto a 2um CellTrap	4L	11.526	M043	5.75	0.18	0.4	26.3	0.098	1027.257	24.69	N,P,Si Day 1 single addition	7406947
367455	COEL20-1_SAMN07406947_MAG_00000007	mOTUv4.0_000718	Bacteria	Bacteroidota	Bacteroidia	Flavobacteriales	Flavobacteriaceae	MED-G14	Unknown MED-G14	85.91	92.96	1.41	30974	100	0.3	1330569	member	SAMN07406947	63	MG043	SAMN07406947	SRS2381833	seawater metagenome	Metagenome or environmental sample from seawater metagenome	saline water	2013-01-31	Saudi Arabia: Thuwal	22.304 N 39.103 E	Niskin bottle	filtered onto a 2um CellTrap	4L	11.526	M043	5.75	0.18	0.4	26.3	0.098	1027.257	24.69	N,P,Si Day 1 single addition	7406947
367458	COEL20-1_SAMN07406947_MAG_00000010	mOTUv4.0_000843	Bacteria	Cyanobacteriota	Cyanobacteriia	PCC-6307	Cyanobiaceae	Parasynechococcus	Parasynechococcus sp002724845	85.91	92.96	1.41	9832	232	0.63	1560741	member	SAMN07406947	63	MG043	SAMN07406947	SRS2381833	seawater metagenome	Metagenome or environmental sample from seawater metagenome	saline water	2013-01-31	Saudi Arabia: Thuwal	22.304 N 39.103 E	Niskin bottle	filtered onto a 2um CellTrap	4L	11.526	M043	5.75	0.18	0.4	26.3	0.098	1027.257	24.69	N,P,Si Day 1 single addition	7406947
367469	COEL20-1_SAMN07406952_MAG_00000001	mOTUv4.0_059090	Bacteria	Bacteroidota	Bacteroidia	Flavobacteriales	Flavobacteriaceae	MS024-2A	Unknown MS024-2A	88.72	95.77	1.41	27438	115	0.37	1884919	member	SAMN07406952	58	MG049	SAMN07406952	SRS2381825	seawater metagenome	Metagenome or environmental sample from seawater metagenome	saline water	2013-01-31	Saudi Arabia: Thuwal	22.304 N 39.103 E	Niskin bottle	filtered onto a 2um CellTrap	4L	20.919	M049	9.25	0.2	0.65	0.0	0.291	1027.42	24.739	N,P 2 week continuous addition	7406952
367473	COEL20-1_SAMN07406952_MAG_00000007	mOTUv4.0_059091	Bacteria	Bacteroidota	Bacteroidia	Flavobacteriales	Flavobacteriaceae	UBA8316	Unknown UBA8316	97.43	97.43	0.0	31193	94	0.38	1857621	member	SAMN07406952	58	MG049	SAMN07406952	SRS2381825	seawater metagenome	Metagenome or environmental sample from seawater metagenome	saline water	2013-01-31	Saudi Arabia: Thuwal	22.304 N 39.103 E	Niskin bottle	filtered onto a 2um CellTrap	4L	20.919	M049	9.25	0.2	0.65	0.0	0.291	1027.42	24.739	N,P 2 week continuous addition	7406952
367475	COEL20-1_SAMN07406952_MAG_00000012	mOTUv4.0_024618	Bacteria	Bacteroidota	Bacteroidia	Flavobacteriales	Schleiferiaceae	UBA10364	UBA10364 sp003385605	84.5	91.55	1.41	11849	211	0.46	1731054	member	SAMN07406952	58	MG049	SAMN07406952	SRS2381825	seawater metagenome	Metagenome or environmental sample from seawater metagenome	saline water	2013-01-31	Saudi Arabia: Thuwal	22.304 N 39.103 E	Niskin bottle	filtered onto a 2um CellTrap	4L	20.919	M049	9.25	0.2	0.65	0.0	0.291	1027.42	24.739	N,P 2 week continuous addition	7406952
367476	COEL20-1_SAMN07406952_MAG_00000013	mOTUv4.0_016230	Bacteria	Bacteroidota	Bacteroidia	Flavobacteriales	Flavobacteriaceae	BACL21	Unknown BACL21	94.37	94.37	0.0	10686	218	0.43	1730681	member	SAMN07406952	58	MG049	SAMN07406952	SRS2381825	seawater metagenome	Metagenome or environmental sample from seawater metagenome	saline water	2013-01-31	Saudi Arabia: Thuwal	22.304 N 39.103 E	Niskin bottle	filtered onto a 2um CellTrap	4L	20.919	M049	9.25	0.2	0.65	0.0	0.291	1027.42	24.739	N,P 2 week continuous addition	7406952
367478	COEL20-1_SAMN07406952_MAG_00000017	mOTUv4.0_002264	Bacteria	Bacteroidota	Bacteroidia	Flavobacteriales	Flavobacteriaceae	UBA724	UBA724 sp902586905	95.77	95.77	0.0	29109	105	0.4	1701208	member	SAMN07406952	58	MG049	SAMN07406952	SRS2381825	seawater metagenome	Metagenome or environmental sample from seawater metagenome	saline water	2013-01-31	Saudi Arabia: Thuwal	22.304 N 39.103 E	Niskin bottle	filtered onto a 2um CellTrap	4L	20.919	M049	9.25	0.2	0.65	0.0	0.291	1027.42	24.739	N,P 2 week continuous addition	7406952
367479	COEL20-1_SAMN07406952_MAG_00000018	mOTUv4.0_000718	Bacteria	Bacteroidota	Bacteroidia	Flavobacteriales	Flavobacteriaceae	MED-G14	Unknown MED-G14	90.14	90.14	0.0	24773	102	0.3	1387141	member	SAMN07406952	58	MG049	SAMN07406952	SRS2381825	seawater metagenome	Metagenome or environmental sample from seawater metagenome	saline water	2013-01-31	Saudi Arabia: Thuwal	22.304 N 39.103 E	Niskin bottle	filtered onto a 2um CellTrap	4L	20.919	M049	9.25	0.2	0.65	0.0	0.291	1027.42	24.739	N,P 2 week continuous addition	7406952
367482	COEL20-1_SAMN07406952_MAG_00000021	no_mOTU	Bacteria	Pseudomonadota	Gammaproteobacteria	SAR86	D2472	SCGC-AAA076-P13	Unknown SCGC-AAA076-P13	87.32	94.37	1.41	8370	156	0.33	968121	filtered	SAMN07406952	58	MG049	SAMN07406952	SRS2381825	seawater metagenome	Metagenome or environmental sample from seawater metagenome	saline water	2013-01-31	Saudi Arabia: Thuwal	22.304 N 39.103 E	Niskin bottle	filtered onto a 2um CellTrap	4L	20.919	M049	9.25	0.2	0.65	0.0	0.291	1027.42	24.739	N,P 2 week continuous addition	7406952
367483	COEL20-1_SAMN07406952_MAG_00000022	mOTUv4.0_059092	Bacteria	Bacteroidota	Bacteroidia	Flavobacteriales	Flavobacteriaceae	MS024-2A	Unknown MS024-2A	100.0	100.0	0.0	75256	47	0.39	2017584	representative	SAMN07406952	58	MG049	SAMN07406952	SRS2381825	seawater metagenome	Metagenome or environmental sample from seawater metagenome	saline water	2013-01-31	Saudi Arabia: Thuwal	22.304 N 39.103 E	Niskin bottle	filtered onto a 2um CellTrap	4L	20.919	M049	9.25	0.2	0.65	0.0	0.291	1027.42	24.739	N,P 2 week continuous addition	7406952
367484	COEL20-1_SAMN07406953_MAG_00000001	mOTUv4.0_059092	Bacteria	Bacteroidota	Bacteroidia	Flavobacteriales	Flavobacteriaceae	MS024-2A	Unknown MS024-2A	88.72	95.77	1.41	15339	197	0.39	1992213	member	SAMN07406953	57	MG050	SAMN07406953	SRS2381872	seawater metagenome	Metagenome or environmental sample from seawater metagenome	saline water	2013-01-31	Saudi Arabia: Thuwal	22.304 N 39.103 E	Niskin bottle	filtered onto a 2um CellTrap	4L	14.941	M050	10.7	0.25	0.55	29.1	0.821	1027.379	24.702	N,P,Si 2 week continuous addition	7406953
367489	COEL20-1_SAMN07406953_MAG_00000010	mOTUv4.0_000718	Bacteria	Bacteroidota	Bacteroidia	Flavobacteriales	Flavobacteriaceae	MED-G14	Unknown MED-G14	81.67	95.77	2.82	20775	109	0.3	1397184	member	SAMN07406953	57	MG050	SAMN07406953	SRS2381872	seawater metagenome	Metagenome or environmental sample from seawater metagenome	saline water	2013-01-31	Saudi Arabia: Thuwal	22.304 N 39.103 E	Niskin bottle	filtered onto a 2um CellTrap	4L	14.941	M050	10.7	0.25	0.55	29.1	0.821	1027.379	24.702	N,P,Si 2 week continuous addition	7406953
367495	COEL20-1_SAMN07406954_MAG_00000005	mOTUv4.0_016228	Bacteria	Pseudomonadota	Gammaproteobacteria	Pseudomonadales	Halieaceae	Luminiphilus	Unknown Luminiphilus	88.2	90.1	0.38	16310	240	0.53	2416907	member	SAMN07406954	56	MG051	SAMN07406954	SRS2381871	seawater metagenome	Metagenome or environmental sample from seawater metagenome	saline water	2013-02-01	Saudi Arabia: Thuwal	22.304 N 39.103 E	Niskin bottle	filtered onto a 2um CellTrap	4L	10.0	M051	0.0	0.0	0.0	1.15		1026.501	23.951	control mesocosm	7406954
367496	COEL20-1_SAMN07406954_MAG_00000006	mOTUv4.0_059091	Bacteria	Bacteroidota	Bacteroidia	Flavobacteriales	Flavobacteriaceae	UBA8316	Unknown UBA8316	96.15	98.9	0.55	10416	236	0.38	1869834	member	SAMN07406954	56	MG051	SAMN07406954	SRS2381871	seawater metagenome	Metagenome or environmental sample from seawater metagenome	saline water	2013-02-01	Saudi Arabia: Thuwal	22.304 N 39.103 E	Niskin bottle	filtered onto a 2um CellTrap	4L	10.0	M051	0.0	0.0	0.0	1.15		1026.501	23.951	control mesocosm	7406954
367499	COEL20-1_SAMN07406954_MAG_00000010	mOTUv4.0_024638	Bacteria	Pseudomonadota	Gammaproteobacteria	SAR86	D2472	SCGC-AAA076-P13	Unknown SCGC-AAA076-P13	88.72	95.77	1.41	13381	127	0.33	1088564	member	SAMN07406954	56	MG051	SAMN07406954	SRS2381871	seawater metagenome	Metagenome or environmental sample from seawater metagenome	saline water	2013-02-01	Saudi Arabia: Thuwal	22.304 N 39.103 E	Niskin bottle	filtered onto a 2um CellTrap	4L	10.0	M051	0.0	0.0	0.0	1.15		1026.501	23.951	control mesocosm	7406954
367503	COEL20-1_SAMN07406955_MAG_00000006	mOTUv4.0_024638	Bacteria	Pseudomonadota	Gammaproteobacteria	SAR86	D2472	SCGC-AAA076-P13	Unknown SCGC-AAA076-P13	71.81	92.96	4.23	7453	174	0.33	1013849	member	SAMN07406955	55	MG052	SAMN07406955	SRS2381874	seawater metagenome	Metagenome or environmental sample from seawater metagenome	saline water	2013-02-01	Saudi Arabia: Thuwal	22.304 N 39.103 E	Niskin bottle	filtered onto a 2um CellTrap	4L	10.215	M052	3.75	0.2	0.4	0.0	0.116	1027.626	23.941	N,P Day 1 single addition	7406955
367505	COEL20-1_SAMN07406955_MAG_00000008	mOTUv4.0_000718	Bacteria	Bacteroidota	Bacteroidia	Flavobacteriales	Flavobacteriaceae	MED-G14	Unknown MED-G14	90.14	90.14	0.0	15097	134	0.3	1311891	member	SAMN07406955	55	MG052	SAMN07406955	SRS2381874	seawater metagenome	Metagenome or environmental sample from seawater metagenome	saline water	2013-02-01	Saudi Arabia: Thuwal	22.304 N 39.103 E	Niskin bottle	filtered onto a 2um CellTrap	4L	10.215	M052	3.75	0.2	0.4	0.0	0.116	1027.626	23.941	N,P Day 1 single addition	7406955
367506	COEL20-1_SAMN07406955_MAG_00000009	mOTUv4.0_059092	Bacteria	Bacteroidota	Bacteroidia	Flavobacteriales	Flavobacteriaceae	MS024-2A	Unknown MS024-2A	90.13	97.18	1.41	15511	214	0.39	2055610	member	SAMN07406955	55	MG052	SAMN07406955	SRS2381874	seawater metagenome	Metagenome or environmental sample from seawater metagenome	saline water	2013-02-01	Saudi Arabia: Thuwal	22.304 N 39.103 E	Niskin bottle	filtered onto a 2um CellTrap	4L	10.215	M052	3.75	0.2	0.4	0.0	0.116	1027.626	23.941	N,P Day 1 single addition	7406955
367518	COEL20-1_SAMN07406957_MAG_00000001	mOTUv4.0_004677	Bacteria	Bacteroidota	Bacteroidia	Flavobacteriales	Flavobacteriaceae	Polaribacter	Polaribacter sp023258495	91.3	96.05	0.95	39717	96	0.36	2325349	member	SAMN07406957	53	MG054	SAMN07406957	SRS2381877	seawater metagenome	Metagenome or environmental sample from seawater metagenome	saline water	2013-02-01	Saudi Arabia: Thuwal	22.304 N 39.103 E	Niskin bottle	filtered onto a 2um CellTrap	4L	24.664	M054	14.2	0.2	1.0	0.0	0.44	1027.402	24.09	N,P 2 week continuous addition	7406957
367521	COEL20-1_SAMN07406957_MAG_00000005	mOTUv4.0_024618	Bacteria	Bacteroidota	Bacteroidia	Flavobacteriales	Schleiferiaceae	UBA10364	UBA10364 sp003385605	89.45	95.7	1.25	14166	198	0.46	1896232	member	SAMN07406957	53	MG054	SAMN07406957	SRS2381877	seawater metagenome	Metagenome or environmental sample from seawater metagenome	saline water	2013-02-01	Saudi Arabia: Thuwal	22.304 N 39.103 E	Niskin bottle	filtered onto a 2um CellTrap	4L	24.664	M054	14.2	0.2	1.0	0.0	0.44	1027.402	24.09	N,P 2 week continuous addition	7406957
367523	COEL20-1_SAMN07406957_MAG_00000008	mOTUv4.0_024638	Bacteria	Pseudomonadota	Gammaproteobacteria	SAR86	D2472	SCGC-AAA076-P13	Unknown SCGC-AAA076-P13	87.32	94.37	1.41	18643	94	0.33	1074804	member	SAMN07406957	53	MG054	SAMN07406957	SRS2381877	seawater metagenome	Metagenome or environmental sample from seawater metagenome	saline water	2013-02-01	Saudi Arabia: Thuwal	22.304 N 39.103 E	Niskin bottle	filtered onto a 2um CellTrap	4L	24.664	M054	14.2	0.2	1.0	0.0	0.44	1027.402	24.09	N,P 2 week continuous addition	7406957
367526	COEL20-1_SAMN07406958_MAG_00000002	mOTUv4.0_024618	Bacteria	Bacteroidota	Bacteroidia	Flavobacteriales	Schleiferiaceae	UBA10364	UBA10364 sp003385605	88.72	95.77	1.41	6450	308	0.46	1612862	member	SAMN07406958	52	MG055	SAMN07406958	SRS2381875	seawater metagenome	Metagenome or environmental sample from seawater metagenome	saline water	2013-02-01	Saudi Arabia: Thuwal	22.304 N 39.103 E	Niskin bottle	filtered onto a 2um CellTrap	4L	7.444	M055	9.05	0.25	0.5	25.1	0.101	1026.246	24.044	N,P,Si 2 week continuous addition	7406958
367530	COEL20-1_SAMN07406959_MAG_00000002	mOTUv4.0_059092	Bacteria	Bacteroidota	Bacteroidia	Flavobacteriales	Flavobacteriaceae	MS024-2A	Unknown MS024-2A	98.53	98.53	0.0	39217	113	0.39	2086794	member	SAMN07406959	51	MG056	SAMN07406959	SRS2381878	seawater metagenome	Metagenome or environmental sample from seawater metagenome	saline water	2013-02-01	Saudi Arabia: Thuwal	22.304 N 39.103 E	Niskin bottle	filtered onto a 2um CellTrap	4L	9.3	M056	0.0	0.18	0.0	1.25	0.052	1027.712	23.973	control mesocosm	7406959
367533	COEL20-1_SAMN07406959_MAG_00000006	mOTUv4.0_000718	Bacteria	Bacteroidota	Bacteroidia	Flavobacteriales	Flavobacteriaceae	MED-G14	Unknown MED-G14	76.04	90.14	2.82	16502	135	0.3	1197239	member	SAMN07406959	51	MG056	SAMN07406959	SRS2381878	seawater metagenome	Metagenome or environmental sample from seawater metagenome	saline water	2013-02-01	Saudi Arabia: Thuwal	22.304 N 39.103 E	Niskin bottle	filtered onto a 2um CellTrap	4L	9.3	M056	0.0	0.18	0.0	1.25	0.052	1027.712	23.973	control mesocosm	7406959
367536	COEL20-1_SAMN07406959_MAG_00000009	mOTUv4.0_059091	Bacteria	Bacteroidota	Bacteroidia	Flavobacteriales	Flavobacteriaceae	UBA8316	Unknown UBA8316	90.85	94.85	0.8	8802	262	0.38	1776084	member	SAMN07406959	51	MG056	SAMN07406959	SRS2381878	seawater metagenome	Metagenome or environmental sample from seawater metagenome	saline water	2013-02-01	Saudi Arabia: Thuwal	22.304 N 39.103 E	Niskin bottle	filtered onto a 2um CellTrap	4L	9.3	M056	0.0	0.18	0.0	1.25	0.052	1027.712	23.973	control mesocosm	7406959
367537	COEL20-1_SAMN07406959_MAG_00000010	mOTUv4.0_015549	Bacteria	Bacteroidota	Rhodothermia	Balneolales	Balneolaceae	UBA1275	Unknown UBA1275	94.37	94.37	0.0	25805	127	0.41	2078671	member	SAMN07406959	51	MG056	SAMN07406959	SRS2381878	seawater metagenome	Metagenome or environmental sample from seawater metagenome	saline water	2013-02-01	Saudi Arabia: Thuwal	22.304 N 39.103 E	Niskin bottle	filtered onto a 2um CellTrap	4L	9.3	M056	0.0	0.18	0.0	1.25	0.052	1027.712	23.973	control mesocosm	7406959
367539	COEL20-1_SAMN07406959_MAG_00000012	mOTUv4.0_024638	Bacteria	Pseudomonadota	Gammaproteobacteria	SAR86	D2472	SCGC-AAA076-P13	Unknown SCGC-AAA076-P13	91.55	91.55	0.0	23410	76	0.33	1018169	member	SAMN07406959	51	MG056	SAMN07406959	SRS2381878	seawater metagenome	Metagenome or environmental sample from seawater metagenome	saline water	2013-02-01	Saudi Arabia: Thuwal	22.304 N 39.103 E	Niskin bottle	filtered onto a 2um CellTrap	4L	9.3	M056	0.0	0.18	0.0	1.25	0.052	1027.712	23.973	control mesocosm	7406959
367541	COEL20-1_SAMN07406959_MAG_00000014	mOTUv4.0_002264	Bacteria	Bacteroidota	Bacteroidia	Flavobacteriales	Flavobacteriaceae	UBA724	UBA724 sp902586905	90.13	97.18	1.41	8560	212	0.4	1412524	member	SAMN07406959	51	MG056	SAMN07406959	SRS2381878	seawater metagenome	Metagenome or environmental sample from seawater metagenome	saline water	2013-02-01	Saudi Arabia: Thuwal	22.304 N 39.103 E	Niskin bottle	filtered onto a 2um CellTrap	4L	9.3	M056	0.0	0.18	0.0	1.25	0.052	1027.712	23.973	control mesocosm	7406959
367551	COEL20-1_SAMN07406960_MAG_00000012	mOTUv4.0_016230	Bacteria	Bacteroidota	Bacteroidia	Flavobacteriales	Flavobacteriaceae	BACL21	Unknown BACL21	95.77	95.77	0.0	59787	77	0.43	1858653	representative	SAMN07406960	50	MG057	SAMN07406960	SRS2381876	seawater metagenome	Metagenome or environmental sample from seawater metagenome	saline water	2013-02-01	Saudi Arabia: Thuwal	22.304 N 39.103 E	Niskin bottle	filtered onto a 2um CellTrap	4L	8.305	M057	0.0	0.18	0.08	0.0	0.104	1027.689	23.994	N,P Day 1 single addition	7406960
367555	COEL20-1_SAMN07406961_MAG_00000003	mOTUv4.0_059101	Bacteria	Bacteroidota	Bacteroidia	Chitinophagales	Saprospiraceae	AM-2324	Unknown AM-2324	93.57	96.67	0.62	19388	365	0.39	4517204	representative	SAMN07406961	49	MG059	SAMN07406961	SRS2381880	seawater metagenome	Metagenome or environmental sample from seawater metagenome	saline water	2013-02-01	Saudi Arabia: Thuwal	22.304 N 39.103 E	Niskin bottle	filtered onto a 2um CellTrap	4L	12.987	M059	17.2	0.3	1.15	0.0	0.093	1027.72	24.063	N,P 2 week continuous addition	7406961
367564	COEL20-1_SAMN07406963_MAG_00000003	mOTUv4.0_015265	Bacteria	Pseudomonadota	Gammaproteobacteria	Pseudomonadales	Halieaceae	Luminiphilus	Unknown Luminiphilus	83.09	90.14	1.41	12660	254	0.59	1848156	representative	SAMN07406963	47	MG072	SAMN07406963	SRS2381839	seawater metagenome	Metagenome or environmental sample from seawater metagenome	saline water	2013-02-03	Saudi Arabia: Thuwal	22.304 N 39.103 E	Niskin bottle	filtered onto a 2um CellTrap	4L	21.543	M072	1.65	0.2	0.25	0.0	0.081	1028.172	22.757	N,P Day 1 single addition	7406963
367565	COEL20-1_SAMN07406963_MAG_00000007	mOTUv4.0_111389	Bacteria	Pseudomonadota	Alphaproteobacteria	Rhodobacterales	Rhodobacteraceae	LFER01	LFER01 sp011525185	87.24	91.04	0.76	8443	429	0.5	2824117	member	SAMN07406963	47	MG072	SAMN07406963	SRS2381839	seawater metagenome	Metagenome or environmental sample from seawater metagenome	saline water	2013-02-03	Saudi Arabia: Thuwal	22.304 N 39.103 E	Niskin bottle	filtered onto a 2um CellTrap	4L	21.543	M072	1.65	0.2	0.25	0.0	0.081	1028.172	22.757	N,P Day 1 single addition	7406963
367569	COEL20-1_SAMN07406963_MAG_00000011	mOTUv4.0_016228	Bacteria	Pseudomonadota	Gammaproteobacteria	Pseudomonadales	Halieaceae	Luminiphilus	Unknown Luminiphilus	88.72	95.77	1.41	7734	407	0.53	2412017	member	SAMN07406963	47	MG072	SAMN07406963	SRS2381839	seawater metagenome	Metagenome or environmental sample from seawater metagenome	saline water	2013-02-03	Saudi Arabia: Thuwal	22.304 N 39.103 E	Niskin bottle	filtered onto a 2um CellTrap	4L	21.543	M072	1.65	0.2	0.25	0.0	0.081	1028.172	22.757	N,P Day 1 single addition	7406963
367571	COEL20-1_SAMN07406964_MAG_00000003	mOTUv4.0_051433	Bacteria	Pseudomonadota	Alphaproteobacteria	Rhodobacterales	Rhodobacteraceae	HIMB11	Unknown HIMB11	87.34	93.64	1.26	18009	210	0.51	2452550	member	SAMN07406964	46	MG073	SAMN07406964	SRS2381840	seawater metagenome	Metagenome or environmental sample from seawater metagenome	saline water	2013-02-03	Saudi Arabia: Thuwal	22.304 N 39.103 E	Niskin bottle	filtered onto a 2um CellTrap	4L	11.318	M073	0.0	0.18	0.0	18.6	0.355	1028.242	22.757	N,P,Si Day 1 single addition	7406964
367574	COEL20-1_SAMN07406965_MAG_00000006	mOTUv4.0_016228	Bacteria	Pseudomonadota	Gammaproteobacteria	Pseudomonadales	Halieaceae	Luminiphilus	Unknown Luminiphilus	88.72	95.77	1.41	18477	232	0.53	2374631	member	SAMN07406965	45	MG074	SAMN07406965	SRS2381837	seawater metagenome	Metagenome or environmental sample from seawater metagenome	saline water	2013-02-03	Saudi Arabia: Thuwal	22.304 N 39.103 E	Niskin bottle	filtered onto a 2um CellTrap	4L	14.547	M074	19.2	0.35	1.2	0.0	0.726	1028.081	22.961	N,P 2 week continuous addition	7406965
367576	COEL20-1_SAMN07406965_MAG_00000008	mOTUv4.0_024638	Bacteria	Pseudomonadota	Gammaproteobacteria	SAR86	D2472	SCGC-AAA076-P13	Unknown SCGC-AAA076-P13	84.5	91.55	1.41	13220	104	0.33	1020205	member	SAMN07406965	45	MG074	SAMN07406965	SRS2381837	seawater metagenome	Metagenome or environmental sample from seawater metagenome	saline water	2013-02-03	Saudi Arabia: Thuwal	22.304 N 39.103 E	Niskin bottle	filtered onto a 2um CellTrap	4L	14.547	M074	19.2	0.35	1.2	0.0	0.726	1028.081	22.961	N,P 2 week continuous addition	7406965
367589	COEL20-1_SAMN07406968_MAG_00000009	mOTUv4.0_051433	Bacteria	Pseudomonadota	Alphaproteobacteria	Rhodobacterales	Rhodobacteraceae	HIMB11	Unknown HIMB11	97.18	97.18	0.0	46645	108	0.51	2484441	member	SAMN07406968	42	MG077	SAMN07406968	SRS2381844	seawater metagenome	Metagenome or environmental sample from seawater metagenome	saline water	2013-02-03	Saudi Arabia: Thuwal	22.304 N 39.103 E	Niskin bottle	filtered onto a 2um CellTrap	4L	8.493	M077	0.0	0.16	0.08	0.0	0.092	1026.43	22.752	N,P Day 1 single addition	7406968
367599	COEL20-1_SAMN07406968_MAG_00000022	mOTUv4.0_051572	Bacteria	Cyanobacteriota	Cyanobacteriia	PCC-6307	Cyanobiaceae	Synechococcus_C	Synechococcus_C sp011523835	87.6	93.7	1.22	13202	228	0.6	2062038	representative	SAMN07406968	42	MG077	SAMN07406968	SRS2381844	seawater metagenome	Metagenome or environmental sample from seawater metagenome	saline water	2013-02-03	Saudi Arabia: Thuwal	22.304 N 39.103 E	Niskin bottle	filtered onto a 2um CellTrap	4L	8.493	M077	0.0	0.16	0.08	0.0	0.092	1026.43	22.752	N,P Day 1 single addition	7406968
367602	COEL20-1_SAMN07406970_MAG_00000002	mOTUv4.0_016228	Bacteria	Pseudomonadota	Gammaproteobacteria	Pseudomonadales	Halieaceae	Luminiphilus	Unknown Luminiphilus	77.45	91.55	2.82	4979	470	0.53	2053323	member	SAMN07406970	40	MG079	SAMN07406970	SRS2381842	seawater metagenome	Metagenome or environmental sample from seawater metagenome	saline water	2013-02-03	Saudi Arabia: Thuwal	22.304 N 39.103 E	Niskin bottle	filtered onto a 2um CellTrap	4L	13.417	M079	0.0	0.0	0.0	17.5	1.299	1028.184	23.027	N,P 2 week continuous addition	7406970
367605	COEL20-1_SAMN07406971_MAG_00000004	mOTUv4.0_059101	Bacteria	Bacteroidota	Bacteroidia	Chitinophagales	Saprospiraceae	AM-2324	Unknown AM-2324	81.3	93.8	2.5	13406	477	0.39	4307854	member	SAMN07406971	39	MG080	SAMN07406971	SRS2381846	seawater metagenome	Metagenome or environmental sample from seawater metagenome	saline water	2013-02-03	Saudi Arabia: Thuwal	22.304 N 39.103 E	Niskin bottle	filtered onto a 2um CellTrap	4L		M080								N,P,Si 2 week continuous addition	7406971
367609	COEL20-1_SAMN07406973_MAG_00000001	mOTUv4.0_051433	Bacteria	Pseudomonadota	Alphaproteobacteria	Rhodobacterales	Rhodobacteraceae	HIMB11	Unknown HIMB11	98.59	98.59	0.0	51654	104	0.5	2534925	representative	SAMN07406973	37	MG091	SAMN07406973	SRS2381882	seawater metagenome	Metagenome or environmental sample from seawater metagenome	saline water	2013-02-05	Saudi Arabia: Thuwal	22.304 N 39.103 E	Niskin bottle	filtered onto a 2um CellTrap	4L	9.946	M091	0.0	0.14	0.0	0.95	0.054	1028.326	23.504	control mesocosm	7406973
367610	COEL20-1_SAMN07406974_MAG_00000001	mOTUv4.0_051433	Bacteria	Pseudomonadota	Alphaproteobacteria	Rhodobacterales	Rhodobacteraceae	HIMB11	Unknown HIMB11	90.07	92.87	0.56	12591	267	0.51	2344705	member	SAMN07406974	36	MG092	SAMN07406974	SRS2381881	seawater metagenome	Metagenome or environmental sample from seawater metagenome	saline water	2013-02-05	Saudi Arabia: Thuwal	22.304 N 39.103 E	Niskin bottle	filtered onto a 2um CellTrap	4L	14.332	M092	0.0	0.14	0.12	0.55	0.165	1028.421	23.48	N,P Day 1 single addition	7406974
367614	COEL20-1_SAMN07406975_MAG_00000012	mOTUv4.0_051433	Bacteria	Pseudomonadota	Alphaproteobacteria	Rhodobacterales	Rhodobacteraceae	HIMB11	Unknown HIMB11	90.88	93.93	0.61	25979	180	0.51	2461819	member	SAMN07406975	35	MG093	SAMN07406975	SRS2381863	seawater metagenome	Metagenome or environmental sample from seawater metagenome	saline water	2013-02-05	Saudi Arabia: Thuwal	22.304 N 39.103 E	Niskin bottle	filtered onto a 2um CellTrap	4L	11.803	M093	0.0	0.16	0.0	0.8	0.257	1028.266	23.54	N,P,Si Day 1 single addition	7406975
367616	COEL20-1_SAMN07406976_MAG_00000001	mOTUv4.0_051433	Bacteria	Pseudomonadota	Alphaproteobacteria	Rhodobacterales	Rhodobacteraceae	HIMB11	Unknown HIMB11	93.62	94.77	0.23	25463	159	0.51	2514198	member	SAMN07406976	34	MG094	SAMN07406976	SRS2381891	seawater metagenome	Metagenome or environmental sample from seawater metagenome	saline water	2013-02-05	Saudi Arabia: Thuwal	22.304 N 39.103 E	Niskin bottle	filtered onto a 2um CellTrap	4L	17.695	M094	16.7	0.35	1.1	0.65	0.98	1027.732	23.649	N,P 2 week continuous addition	7406976
367620	COEL20-1_SAMN07406979_MAG_00000001	mOTUv4.0_051295	Bacteria	Bacteroidota	Bacteroidia	Flavobacteriales	Flavobacteriaceae	SCGC-AAA160-P02	Unknown SCGC-AAA160-P02	98.59	98.59	0.0	27086	146	0.36	2332676	representative	SAMN07406979	31	MG098	SAMN07406979	SRS2381884	seawater metagenome	Metagenome or environmental sample from seawater metagenome	saline water	2013-02-05	Saudi Arabia: Thuwal	22.304 N 39.103 E	Niskin bottle	filtered onto a 2um CellTrap	4L	15.031	M098	19.7	0.4	1.15	0.0	0.244	1028.293	23.556	N,P,Si Day 1 single addition	7406979
367626	COEL20-1_SAMN07406981_MAG_00000006	mOTUv4.0_026368	Bacteria	Bacteroidota	Bacteroidia	Chitinophagales	Saprospiraceae	AM-2324	Unknown AM-2324	85.91	92.96	1.41	21549	287	0.38	3404515	member	SAMN07406981	29	MG100	SAMN07406981	SRS2381896	seawater metagenome	Metagenome or environmental sample from seawater metagenome	saline water	2013-02-05	Saudi Arabia: Thuwal	22.304 N 39.103 E	Niskin bottle	filtered onto a 2um CellTrap	4L		M100								N,P,Si 2 week continuous addition	7406981
367629	COEL20-1_SAMN07406981_MAG_00000009	mOTUv4.0_059101	Bacteria	Bacteroidota	Bacteroidia	Chitinophagales	Saprospiraceae	AM-2324	Unknown AM-2324	92.28	97.23	0.99	47935	178	0.39	4488350	member	SAMN07406981	29	MG100	SAMN07406981	SRS2381896	seawater metagenome	Metagenome or environmental sample from seawater metagenome	saline water	2013-02-05	Saudi Arabia: Thuwal	22.304 N 39.103 E	Niskin bottle	filtered onto a 2um CellTrap	4L		M100								N,P,Si 2 week continuous addition	7406981
367632	COEL20-1_SAMN07406982_MAG_00000001	mOTUv4.0_008665	Bacteria	Pseudomonadota	Gammaproteobacteria	Pseudomonadales	Litorivicinaceae	HIMB30	HIMB30 sp000227525	70.4	91.55	4.23	5651	297	0.5	1426459	member	SAMN07406982	28	MG121	SAMN07406982	SRS2381892	seawater metagenome	Metagenome or environmental sample from seawater metagenome	saline water	2013-02-08	Saudi Arabia: Thuwal	22.304 N 39.103 E	Niskin bottle	filtered onto a 2um CellTrap	4L		M121								control mesocosm	7406982
367639	COEL20-1_SAMN07406982_MAG_00000016	mOTUv4.0_051433	Bacteria	Pseudomonadota	Alphaproteobacteria	Rhodobacterales	Rhodobacteraceae	HIMB11	Unknown HIMB11	92.96	92.96	0.0	31186	177	0.51	2364210	member	SAMN07406982	28	MG121	SAMN07406982	SRS2381892	seawater metagenome	Metagenome or environmental sample from seawater metagenome	saline water	2013-02-08	Saudi Arabia: Thuwal	22.304 N 39.103 E	Niskin bottle	filtered onto a 2um CellTrap	4L		M121								control mesocosm	7406982
367641	COEL20-1_SAMN07406983_MAG_00000002	mOTUv4.0_026369	Bacteria	Bacteroidota	Bacteroidia	Flavobacteriales	Flavobacteriaceae	UBA3478	Unknown UBA3478	92.96	92.96	0.0	7465	256	0.41	1559474	representative	SAMN07406983	27	MG122	SAMN07406983	SRS2381897	seawater metagenome	Metagenome or environmental sample from seawater metagenome	saline water	2013-02-08	Saudi Arabia: Thuwal	22.304 N 39.103 E	Niskin bottle	filtered onto a 2um CellTrap	4L		M122								N,P Day 1 single addition	7406983
367642	COEL20-1_SAMN07406983_MAG_00000003	mOTUv4.0_024690	Bacteria	Bacteroidota	Bacteroidia	Flavobacteriales	Flavobacteriaceae	SCGC-AAA160-P02	Unknown SCGC-AAA160-P02	88.72	95.77	1.41	13624	208	0.33	1999325	member	SAMN07406983	27	MG122	SAMN07406983	SRS2381897	seawater metagenome	Metagenome or environmental sample from seawater metagenome	saline water	2013-02-08	Saudi Arabia: Thuwal	22.304 N 39.103 E	Niskin bottle	filtered onto a 2um CellTrap	4L		M122								N,P Day 1 single addition	7406983
367643	COEL20-1_SAMN07406983_MAG_00000004	mOTUv4.0_004606	Bacteria	Bacteroidota	Bacteroidia	Flavobacteriales	Flavobacteriaceae	SCGC-AAA160-P02	Unknown SCGC-AAA160-P02	94.37	94.37	0.0	19007	184	0.32	2150858	member	SAMN07406983	27	MG122	SAMN07406983	SRS2381897	seawater metagenome	Metagenome or environmental sample from seawater metagenome	saline water	2013-02-08	Saudi Arabia: Thuwal	22.304 N 39.103 E	Niskin bottle	filtered onto a 2um CellTrap	4L		M122								N,P Day 1 single addition	7406983
367644	COEL20-1_SAMN07406983_MAG_00000005	mOTUv4.0_009040	Bacteria	Pseudomonadota	Gammaproteobacteria	Pseudomonadales	Porticoccaceae	HTCC2207	Unknown HTCC2207	84.31	93.56	1.85	37377	70	0.45	1412088	member	SAMN07406983	27	MG122	SAMN07406983	SRS2381897	seawater metagenome	Metagenome or environmental sample from seawater metagenome	saline water	2013-02-08	Saudi Arabia: Thuwal	22.304 N 39.103 E	Niskin bottle	filtered onto a 2um CellTrap	4L		M122								N,P Day 1 single addition	7406983
367648	COEL20-1_SAMN07406983_MAG_00000013	mOTUv4.0_051433	Bacteria	Pseudomonadota	Alphaproteobacteria	Rhodobacterales	Rhodobacteraceae	HIMB11	Unknown HIMB11	98.59	98.59	0.0	38102	152	0.51	2523920	member	SAMN07406983	27	MG122	SAMN07406983	SRS2381897	seawater metagenome	Metagenome or environmental sample from seawater metagenome	saline water	2013-02-08	Saudi Arabia: Thuwal	22.304 N 39.103 E	Niskin bottle	filtered onto a 2um CellTrap	4L		M122								N,P Day 1 single addition	7406983
367653	COEL20-1_SAMN07406984_MAG_00000006	mOTUv4.0_051433	Bacteria	Pseudomonadota	Alphaproteobacteria	Rhodobacterales	Rhodobacteraceae	HIMB11	Unknown HIMB11	85.25	93.95	1.74	17510	239	0.51	2430101	member	SAMN07406984	26	MG123	SAMN07406984	SRS2381899	seawater metagenome	Metagenome or environmental sample from seawater metagenome	saline water	2013-02-08	Saudi Arabia: Thuwal	22.304 N 39.103 E	Niskin bottle	filtered onto a 2um CellTrap	4L		M123								N,P,Si Day 1 single addition	7406984
367654	COEL20-1_SAMN07406984_MAG_00000008	mOTUv4.0_051295	Bacteria	Bacteroidota	Bacteroidia	Flavobacteriales	Flavobacteriaceae	SCGC-AAA160-P02	Unknown SCGC-AAA160-P02	98.59	98.59	0.0	26296	135	0.36	2355278	member	SAMN07406984	26	MG123	SAMN07406984	SRS2381899	seawater metagenome	Metagenome or environmental sample from seawater metagenome	saline water	2013-02-08	Saudi Arabia: Thuwal	22.304 N 39.103 E	Niskin bottle	filtered onto a 2um CellTrap	4L		M123								N,P,Si Day 1 single addition	7406984
367655	COEL20-1_SAMN07406984_MAG_00000009	no_mOTU	Bacteria	Bacteroidota	Bacteroidia	Chitinophagales	Saprospiraceae	AM-2324	Unknown AM-2324	80.27	94.37	2.82	4195	686	0.38	2678807	filtered	SAMN07406984	26	MG123	SAMN07406984	SRS2381899	seawater metagenome	Metagenome or environmental sample from seawater metagenome	saline water	2013-02-08	Saudi Arabia: Thuwal	22.304 N 39.103 E	Niskin bottle	filtered onto a 2um CellTrap	4L		M123								N,P,Si Day 1 single addition	7406984
367657	COEL20-1_SAMN07406985_MAG_00000001	mOTUv4.0_026372	Bacteria	Bacteroidota	Bacteroidia	Flavobacteriales	Flavobacteriaceae	Aegicerativicinus	Unknown Aegicerativicinus	98.59	98.59	0.0	27905	163	0.33	2579878	representative	SAMN07406985	25	MG124	SAMN07406985	SRS2381827	seawater metagenome	Metagenome or environmental sample from seawater metagenome	saline water	2013-02-08	Saudi Arabia: Thuwal	22.304 N 39.103 E	Niskin bottle	filtered onto a 2um CellTrap	4L		M124								N,P 2 week continuous addition	7406985
367660	COEL20-1_SAMN07406985_MAG_00000008	mOTUv4.0_016232	Bacteria	Bacteroidota	Bacteroidia	Flavobacteriales	Flavobacteriaceae	Polaribacter	Unknown Polaribacter	87.38	94.63	1.45	13536	223	0.36	2143531	member	SAMN07406985	25	MG124	SAMN07406985	SRS2381827	seawater metagenome	Metagenome or environmental sample from seawater metagenome	saline water	2013-02-08	Saudi Arabia: Thuwal	22.304 N 39.103 E	Niskin bottle	filtered onto a 2um CellTrap	4L		M124								N,P 2 week continuous addition	7406985
367662	COEL20-1_SAMN07406985_MAG_00000012	mOTUv4.0_024690	Bacteria	Bacteroidota	Bacteroidia	Flavobacteriales	Flavobacteriaceae	SCGC-AAA160-P02	Unknown SCGC-AAA160-P02	91.23	97.13	1.18	61321	75	0.33	2042953	member	SAMN07406985	25	MG124	SAMN07406985	SRS2381827	seawater metagenome	Metagenome or environmental sample from seawater metagenome	saline water	2013-02-08	Saudi Arabia: Thuwal	22.304 N 39.103 E	Niskin bottle	filtered onto a 2um CellTrap	4L		M124								N,P 2 week continuous addition	7406985
367664	COEL20-1_SAMN07406986_MAG_00000006	mOTUv4.0_059104	Bacteria	Pseudomonadota	Gammaproteobacteria	Comchoanobacterales	UBA6594	Unknown UBA6594	Unknown UBA6594	90.13	97.18	1.41	21963	73	0.47	1192290	member	SAMN07406986	24	MG125	SAMN07406986	SRS2381866	seawater metagenome	Metagenome or environmental sample from seawater metagenome	saline water	2013-02-08	Saudi Arabia: Thuwal	22.304 N 39.103 E	Niskin bottle	filtered onto a 2um CellTrap	4L		M125								N,P,Si 2 week continuous addition	7406986
367666	COEL20-1_SAMN07406986_MAG_00000008	mOTUv4.0_059114	Bacteria	Actinomycetota	Actinomycetes	Actinomycetales	Microbacteriaceae	CAJXVY01	Unknown CAJXVY01	100.0	100.0	0.0	101705	19	0.5	1195309	member	SAMN07406986	24	MG125	SAMN07406986	SRS2381866	seawater metagenome	Metagenome or environmental sample from seawater metagenome	saline water	2013-02-08	Saudi Arabia: Thuwal	22.304 N 39.103 E	Niskin bottle	filtered onto a 2um CellTrap	4L		M125								N,P,Si 2 week continuous addition	7406986
367667	COEL20-1_SAMN07406986_MAG_00000009	mOTUv4.0_005219	Bacteria	Bacteroidota	Bacteroidia	Flavobacteriales	Schleiferiaceae	UBA10364	UBA10364 sp003023665	98.12	98.12	0.0	160374	25	0.41	2059518	member	SAMN07406986	24	MG125	SAMN07406986	SRS2381866	seawater metagenome	Metagenome or environmental sample from seawater metagenome	saline water	2013-02-08	Saudi Arabia: Thuwal	22.304 N 39.103 E	Niskin bottle	filtered onto a 2um CellTrap	4L		M125								N,P,Si 2 week continuous addition	7406986
367675	COEL20-1_SAMN07406987_MAG_00000006	mOTUv4.0_024045	Bacteria	Pseudomonadota	Gammaproteobacteria	Pseudomonadales	Halieaceae	Luminiphilus	Unknown Luminiphilus	84.5	91.55	1.41	7285	393	0.53	2261250	member	SAMN07406987	23	MG126	SAMN07406987	SRS2381888	seawater metagenome	Metagenome or environmental sample from seawater metagenome	saline water	2013-02-08	Saudi Arabia: Thuwal	22.304 N 39.103 E	Niskin bottle	filtered onto a 2um CellTrap	4L		M126								control mesocosm	7406987
367682	COEL20-1_SAMN07406987_MAG_00000016	mOTUv4.0_005202	Bacteria	Bacteroidota	Bacteroidia	Flavobacteriales	Flavobacteriaceae	UBA7446	UBA7446 sp002862705	92.96	92.96	0.0	28751	89	0.42	1642818	member	SAMN07406987	23	MG126	SAMN07406987	SRS2381888	seawater metagenome	Metagenome or environmental sample from seawater metagenome	saline water	2013-02-08	Saudi Arabia: Thuwal	22.304 N 39.103 E	Niskin bottle	filtered onto a 2um CellTrap	4L		M126								control mesocosm	7406987
367688	COEL20-1_SAMN07406988_MAG_00000016	mOTUv4.0_051433	Bacteria	Pseudomonadota	Alphaproteobacteria	Rhodobacterales	Rhodobacteraceae	HIMB11	Unknown HIMB11	91.58	93.83	0.45	45061	114	0.51	2414364	member	SAMN07406988	22	MG127	SAMN07406988	SRS2381887	seawater metagenome	Metagenome or environmental sample from seawater metagenome	saline water	2013-02-08	Saudi Arabia: Thuwal	22.304 N 39.103 E	Niskin bottle	filtered onto a 2um CellTrap	4L		M127								N,P Day 1 single addition	7406988
367689	COEL20-1_SAMN07406988_MAG_00000018	mOTUv4.0_051572	Bacteria	Cyanobacteriota	Cyanobacteriia	PCC-6307	Cyanobiaceae	Synechococcus_C	Synechococcus_C sp011523835	85.91	92.96	1.41	25238	143	0.6	2109784	member	SAMN07406988	22	MG127	SAMN07406988	SRS2381887	seawater metagenome	Metagenome or environmental sample from seawater metagenome	saline water	2013-02-08	Saudi Arabia: Thuwal	22.304 N 39.103 E	Niskin bottle	filtered onto a 2um CellTrap	4L		M127								N,P Day 1 single addition	7406988
367692	COEL20-1_SAMN07406988_MAG_00000025	mOTUv4.0_016234	Bacteria	Pseudomonadota	Alphaproteobacteria	Rhodobacterales	Rhodobacteraceae	HXMU1420-2	HXMU1420-2 sp017643305	92.22	96.22	0.8	16263	395	0.59	4180984	member	SAMN07406988	22	MG127	SAMN07406988	SRS2381887	seawater metagenome	Metagenome or environmental sample from seawater metagenome	saline water	2013-02-08	Saudi Arabia: Thuwal	22.304 N 39.103 E	Niskin bottle	filtered onto a 2um CellTrap	4L		M127								N,P Day 1 single addition	7406988
367697	COEL20-1_SAMN07406989_MAG_00000001	mOTUv4.0_026368	Bacteria	Bacteroidota	Bacteroidia	Chitinophagales	Saprospiraceae	AM-2324	Unknown AM-2324	91.54	98.59	1.41	23895	285	0.38	3548440	member	SAMN07406989	21	MG128	SAMN07406989	SRS2381894	seawater metagenome	Metagenome or environmental sample from seawater metagenome	saline water	2013-02-08	Saudi Arabia: Thuwal	22.304 N 39.103 E	Niskin bottle	filtered onto a 2um CellTrap	4L		M128								N,P,Si Day 1 single addition	7406989
367698	COEL20-1_SAMN07406989_MAG_00000004	mOTUv4.0_051295	Bacteria	Bacteroidota	Bacteroidia	Flavobacteriales	Flavobacteriaceae	SCGC-AAA160-P02	Unknown SCGC-AAA160-P02	98.59	98.59	0.0	23071	150	0.36	2316126	member	SAMN07406989	21	MG128	SAMN07406989	SRS2381894	seawater metagenome	Metagenome or environmental sample from seawater metagenome	saline water	2013-02-08	Saudi Arabia: Thuwal	22.304 N 39.103 E	Niskin bottle	filtered onto a 2um CellTrap	4L		M128								N,P,Si Day 1 single addition	7406989
367700	COEL20-1_SAMN07406990_MAG_00000003	mOTUv4.0_111389	Bacteria	Pseudomonadota	Alphaproteobacteria	Rhodobacterales	Rhodobacteraceae	LFER01	LFER01 sp011525185	83.09	90.14	1.41	4615	551	0.5	2327091	member	SAMN07406990	20	MG129	SAMN07406990	SRS2381854	seawater metagenome	Metagenome or environmental sample from seawater metagenome	saline water	2013-02-08	Saudi Arabia: Thuwal	22.304 N 39.103 E	Niskin bottle	filtered onto a 2um CellTrap	4L		M129								N,P 2 week continuous addition	7406990
367702	COEL20-1_SAMN07406990_MAG_00000006	mOTUv4.0_015265	Bacteria	Pseudomonadota	Gammaproteobacteria	Pseudomonadales	Halieaceae	Luminiphilus	Unknown Luminiphilus	83.09	90.14	1.41	6800	351	0.59	1880224	member	SAMN07406990	20	MG129	SAMN07406990	SRS2381854	seawater metagenome	Metagenome or environmental sample from seawater metagenome	saline water	2013-02-08	Saudi Arabia: Thuwal	22.304 N 39.103 E	Niskin bottle	filtered onto a 2um CellTrap	4L		M129								N,P 2 week continuous addition	7406990
367704	COEL20-1_SAMN07406990_MAG_00000008	mOTUv4.0_004606	Bacteria	Bacteroidota	Bacteroidia	Flavobacteriales	Flavobacteriaceae	SCGC-AAA160-P02	Unknown SCGC-AAA160-P02	97.18	97.18	0.0	47222	101	0.32	2165753	member	SAMN07406990	20	MG129	SAMN07406990	SRS2381854	seawater metagenome	Metagenome or environmental sample from seawater metagenome	saline water	2013-02-08	Saudi Arabia: Thuwal	22.304 N 39.103 E	Niskin bottle	filtered onto a 2um CellTrap	4L		M129								N,P 2 week continuous addition	7406990
367706	COEL20-1_SAMN07406991_MAG_00000004	mOTUv4.0_016234	Bacteria	Pseudomonadota	Alphaproteobacteria	Rhodobacterales	Rhodobacteraceae	HXMU1420-2	HXMU1420-2 sp017643305	100.0	100.0	0.0	111495	88	0.59	4235608	representative	SAMN07406991	19	MG130	SAMN07406991	SRS2381848	seawater metagenome	Metagenome or environmental sample from seawater metagenome	saline water	2013-02-08	Saudi Arabia: Thuwal	22.304 N 39.103 E	Niskin bottle	filtered onto a 2um CellTrap	4L		M130								N,P,Si 2 week continuous addition	7406991
367707	COEL20-1_SAMN07406991_MAG_00000005	mOTUv4.0_005219	Bacteria	Bacteroidota	Bacteroidia	Flavobacteriales	Schleiferiaceae	UBA10364	Unknown UBA10364	97.18	97.18	0.0	35571	109	0.41	2116478	member	SAMN07406991	19	MG130	SAMN07406991	SRS2381848	seawater metagenome	Metagenome or environmental sample from seawater metagenome	saline water	2013-02-08	Saudi Arabia: Thuwal	22.304 N 39.103 E	Niskin bottle	filtered onto a 2um CellTrap	4L		M130								N,P,Si 2 week continuous addition	7406991
367708	COEL20-1_SAMN07406991_MAG_00000006	mOTUv4.0_059104	Bacteria	Pseudomonadota	Gammaproteobacteria	Comchoanobacterales	UBA6594	Unknown UBA6594	Unknown UBA6594	95.77	95.77	0.0	67328	26	0.47	1164928	representative	SAMN07406991	19	MG130	SAMN07406991	SRS2381848	seawater metagenome	Metagenome or environmental sample from seawater metagenome	saline water	2013-02-08	Saudi Arabia: Thuwal	22.304 N 39.103 E	Niskin bottle	filtered onto a 2um CellTrap	4L		M130								N,P,Si 2 week continuous addition	7406991
367709	COEL20-1_SAMN07406991_MAG_00000008	mOTUv4.0_059110	Bacteria	Bacteroidota	Bacteroidia	Chitinophagales	Saprospiraceae	Phaeodactylibacter	Unknown Phaeodactylibacter	85.26	98.81	2.71	8502	981	0.46	6415580	representative	SAMN07406991	19	MG130	SAMN07406991	SRS2381848	seawater metagenome	Metagenome or environmental sample from seawater metagenome	saline water	2013-02-08	Saudi Arabia: Thuwal	22.304 N 39.103 E	Niskin bottle	filtered onto a 2um CellTrap	4L		M130								N,P,Si 2 week continuous addition	7406991
367711	COEL20-1_SAMN07406991_MAG_00000010	mOTUv4.0_001073	Bacteria	Pseudomonadota	Alphaproteobacteria	Rhodobacterales	Rhodobacteraceae	M30B80	M30B80 sp015693905	89.84	90.99	0.23	34630	112	0.56	1925154	member	SAMN07406991	19	MG130	SAMN07406991	SRS2381848	seawater metagenome	Metagenome or environmental sample from seawater metagenome	saline water	2013-02-08	Saudi Arabia: Thuwal	22.304 N 39.103 E	Niskin bottle	filtered onto a 2um CellTrap	4L		M130								N,P,Si 2 week continuous addition	7406991
367713	COEL20-1_SAMN07406992_MAG_00000005	mOTUv4.0_026372	Bacteria	Bacteroidota	Bacteroidia	Flavobacteriales	Flavobacteriaceae	Aegicerativicinus	Unknown Aegicerativicinus	84.5	91.55	1.41	7185	415	0.33	2315453	member	SAMN07406992	18	MG152	SAMN07406992	SRS2381849	seawater metagenome	Metagenome or environmental sample from seawater metagenome	saline water	2013-02-11	Saudi Arabia: Thuwal	22.304 N 39.103 E	Niskin bottle	filtered onto a 2um CellTrap	4L	11.104	M152	0.0	0.0	0.1	0.6	0.085	1027.248	27.237	N,P Day 1 single addition	7406992
367717	COEL20-1_SAMN07406992_MAG_00000014	mOTUv4.0_004606	Bacteria	Bacteroidota	Bacteroidia	Flavobacteriales	Flavobacteriaceae	SCGC-AAA160-P02	Unknown SCGC-AAA160-P02	93.88	96.98	0.62	37066	105	0.32	2250108	member	SAMN07406992	18	MG152	SAMN07406992	SRS2381849	seawater metagenome	Metagenome or environmental sample from seawater metagenome	saline water	2013-02-11	Saudi Arabia: Thuwal	22.304 N 39.103 E	Niskin bottle	filtered onto a 2um CellTrap	4L	11.104	M152	0.0	0.0	0.1	0.6	0.085	1027.248	27.237	N,P Day 1 single addition	7406992
367726	COEL20-1_SAMN07406995_MAG_00000011	mOTUv4.0_059111	Bacteria	Bacteroidota	Kapaibacteriia	Kapaibacteriales	UBA2268	PGYR01	Unknown PGYR01	95.77	95.77	0.0	8693	378	0.34	2416718	representative	SAMN07406995	15	MG155	SAMN07406995	SRS2381867	seawater metagenome	Metagenome or environmental sample from seawater metagenome	saline water	2013-02-11	Saudi Arabia: Thuwal	22.304 N 39.103 E	Niskin bottle	filtered onto a 2um CellTrap	4L	31.335	M155	0.6	0.22	0.32	22.4	0.329	1026.876	27.373	N,P,Si 2 week continuous addition	7406995
367732	COEL20-1_SAMN07406996_MAG_00000004	mOTUv4.0_049818	Bacteria	Bacteroidota	Bacteroidia	Flavobacteriales	Flavobacteriaceae	GCA001735715	Unknown GCA001735715	98.59	98.59	0.0	31044	82	0.38	1731491	representative	SAMN07406996	14	MG157	SAMN07406996	SRS2381865	seawater metagenome	Metagenome or environmental sample from seawater metagenome	saline water	2013-02-11	Saudi Arabia: Thuwal	22.304 N 39.103 E	Niskin bottle	filtered onto a 2um CellTrap	4L	12.893	M157	0.0	0.16	0.14	0.9	0.064	1027.351	27.199	N,P Day 1 single addition	7406996
367734	COEL20-1_SAMN07406996_MAG_00000007	mOTUv4.0_011591	Bacteria	Bacteroidota	Bacteroidia	Flavobacteriales	Flavobacteriaceae	UBA3478	UBA3478 sp018623655	97.18	97.18	0.0	1430243	2	0.39	1766895	representative	SAMN07406996	14	MG157	SAMN07406996	SRS2381865	seawater metagenome	Metagenome or environmental sample from seawater metagenome	saline water	2013-02-11	Saudi Arabia: Thuwal	22.304 N 39.103 E	Niskin bottle	filtered onto a 2um CellTrap	4L	12.893	M157	0.0	0.16	0.14	0.9	0.064	1027.351	27.199	N,P Day 1 single addition	7406996
367735	COEL20-1_SAMN07406996_MAG_00000008	mOTUv4.0_059112	Bacteria	Bacteroidota	Bacteroidia	Flavobacteriales	Flavobacteriaceae	UBA8316	Unknown UBA8316	98.59	98.59	0.0	60675	73	0.38	2267021	representative	SAMN07406996	14	MG157	SAMN07406996	SRS2381865	seawater metagenome	Metagenome or environmental sample from seawater metagenome	saline water	2013-02-11	Saudi Arabia: Thuwal	22.304 N 39.103 E	Niskin bottle	filtered onto a 2um CellTrap	4L	12.893	M157	0.0	0.16	0.14	0.9	0.064	1027.351	27.199	N,P Day 1 single addition	7406996
367738	COEL20-1_SAMN07406996_MAG_00000015	mOTUv4.0_059113	Bacteria	Pseudomonadota	Gammaproteobacteria	Pseudomonadales	Halieaceae	Luminiphilus	Unknown Luminiphilus	89.1	91.75	0.53	15911	258	0.57	2519173	representative	SAMN07406996	14	MG157	SAMN07406996	SRS2381865	seawater metagenome	Metagenome or environmental sample from seawater metagenome	saline water	2013-02-11	Saudi Arabia: Thuwal	22.304 N 39.103 E	Niskin bottle	filtered onto a 2um CellTrap	4L	12.893	M157	0.0	0.16	0.14	0.9	0.064	1027.351	27.199	N,P Day 1 single addition	7406996
367742	COEL20-1_SAMN07406996_MAG_00000029	mOTUv4.0_059090	Bacteria	Bacteroidota	Bacteroidia	Flavobacteriales	Flavobacteriaceae	MS024-2A	Unknown MS024-2A	90.29	97.79	1.5	29507	107	0.37	1795774	member	SAMN07406996	14	MG157	SAMN07406996	SRS2381865	seawater metagenome	Metagenome or environmental sample from seawater metagenome	saline water	2013-02-11	Saudi Arabia: Thuwal	22.304 N 39.103 E	Niskin bottle	filtered onto a 2um CellTrap	4L	12.893	M157	0.0	0.16	0.14	0.9	0.064	1027.351	27.199	N,P Day 1 single addition	7406996
367744	COEL20-1_SAMN07406996_MAG_00000031	mOTUv4.0_004070	Bacteria	Bacteroidota	Bacteroidia	Flavobacteriales	Flavobacteriaceae	RFYP01	RFYP01 sp011526365	98.59	98.59	0.0	102950	28	0.43	1833119	member	SAMN07406996	14	MG157	SAMN07406996	SRS2381865	seawater metagenome	Metagenome or environmental sample from seawater metagenome	saline water	2013-02-11	Saudi Arabia: Thuwal	22.304 N 39.103 E	Niskin bottle	filtered onto a 2um CellTrap	4L	12.893	M157	0.0	0.16	0.14	0.9	0.064	1027.351	27.199	N,P Day 1 single addition	7406996
367747	COEL20-1_SAMN07406996_MAG_00000036	mOTUv4.0_008789	Bacteria	Bacteroidota	Bacteroidia	Flavobacteriales	Flavobacteriaceae	MS024-2A	MS024-2A sp902546725	90.32	92.07	0.35	39993	90	0.38	2176867	member	SAMN07406996	14	MG157	SAMN07406996	SRS2381865	seawater metagenome	Metagenome or environmental sample from seawater metagenome	saline water	2013-02-11	Saudi Arabia: Thuwal	22.304 N 39.103 E	Niskin bottle	filtered onto a 2um CellTrap	4L	12.893	M157	0.0	0.16	0.14	0.9	0.064	1027.351	27.199	N,P Day 1 single addition	7406996
367750	COEL20-1_SAMN07406996_MAG_00000048	mOTUv4.0_024690	Bacteria	Bacteroidota	Bacteroidia	Flavobacteriales	Flavobacteriaceae	SCGC-AAA160-P02	Unknown SCGC-AAA160-P02	92.57	96.87	0.86	37094	104	0.33	2031021	representative	SAMN07406996	14	MG157	SAMN07406996	SRS2381865	seawater metagenome	Metagenome or environmental sample from seawater metagenome	saline water	2013-02-11	Saudi Arabia: Thuwal	22.304 N 39.103 E	Niskin bottle	filtered onto a 2um CellTrap	4L	12.893	M157	0.0	0.16	0.14	0.9	0.064	1027.351	27.199	N,P Day 1 single addition	7406996
367751	COEL20-1_SAMN07406996_MAG_00000049	mOTUv4.0_059092	Bacteria	Bacteroidota	Bacteroidia	Flavobacteriales	Flavobacteriaceae	MS024-2A	Unknown MS024-2A	98.59	98.59	0.0	31973	97	0.39	2084407	member	SAMN07406996	14	MG157	SAMN07406996	SRS2381865	seawater metagenome	Metagenome or environmental sample from seawater metagenome	saline water	2013-02-11	Saudi Arabia: Thuwal	22.304 N 39.103 E	Niskin bottle	filtered onto a 2um CellTrap	4L	12.893	M157	0.0	0.16	0.14	0.9	0.064	1027.351	27.199	N,P Day 1 single addition	7406996
367753	COEL20-1_SAMN07406997_MAG_00000001	mOTUv4.0_008665	Bacteria	Pseudomonadota	Gammaproteobacteria	Pseudomonadales	Litorivicinaceae	HIMB30	HIMB30 sp000227525	100.0	100.0	0.0	45781	109	0.5	1855256	member	SAMN07406997	13	MG158	SAMN07406997	SRS2381864	seawater metagenome	Metagenome or environmental sample from seawater metagenome	saline water	2013-02-11	Saudi Arabia: Thuwal	22.304 N 39.103 E	Niskin bottle	filtered onto a 2um CellTrap	4L	6.14	M158	0.0	0.16	0.0	4.25	0.069	1027.313	27.24	N,P,Si Day 1 single addition	7406997
367754	COEL20-1_SAMN07406997_MAG_00000002	mOTUv4.0_005219	Bacteria	Bacteroidota	Bacteroidia	Flavobacteriales	Schleiferiaceae	UBA10364	Unknown UBA10364	98.66	98.66	0.0	218670	13	0.41	2244973	representative	SAMN07406997	13	MG158	SAMN07406997	SRS2381864	seawater metagenome	Metagenome or environmental sample from seawater metagenome	saline water	2013-02-11	Saudi Arabia: Thuwal	22.304 N 39.103 E	Niskin bottle	filtered onto a 2um CellTrap	4L	6.14	M158	0.0	0.16	0.0	4.25	0.069	1027.313	27.24	N,P,Si Day 1 single addition	7406997
367755	COEL20-1_SAMN07406997_MAG_00000005	mOTUv4.0_016234	Bacteria	Pseudomonadota	Alphaproteobacteria	Rhodobacterales	Rhodobacteraceae	HXMU1420-2	HXMU1420-2 sp017643305	88.72	95.77	1.41	11189	493	0.59	3844224	member	SAMN07406997	13	MG158	SAMN07406997	SRS2381864	seawater metagenome	Metagenome or environmental sample from seawater metagenome	saline water	2013-02-11	Saudi Arabia: Thuwal	22.304 N 39.103 E	Niskin bottle	filtered onto a 2um CellTrap	4L	6.14	M158	0.0	0.16	0.0	4.25	0.069	1027.313	27.24	N,P,Si Day 1 single addition	7406997
367758	COEL20-1_SAMN07406997_MAG_00000012	mOTUv4.0_005202	Bacteria	Bacteroidota	Bacteroidia	Flavobacteriales	Flavobacteriaceae	UBA7446	UBA7446 sp002862705	94.37	94.37	0.0	14239	159	0.42	1634507	member	SAMN07406997	13	MG158	SAMN07406997	SRS2381864	seawater metagenome	Metagenome or environmental sample from seawater metagenome	saline water	2013-02-11	Saudi Arabia: Thuwal	22.304 N 39.103 E	Niskin bottle	filtered onto a 2um CellTrap	4L	6.14	M158	0.0	0.16	0.0	4.25	0.069	1027.313	27.24	N,P,Si Day 1 single addition	7406997
367759	COEL20-1_SAMN07406997_MAG_00000015	no_mOTU	Bacteria	Pseudomonadota	Alphaproteobacteria	Rhodobacterales	Rhodobacteraceae	M30B80	M30B80 sp015693905	85.91	92.96	1.41	22148	150	0.56	2028462	filtered	SAMN07406997	13	MG158	SAMN07406997	SRS2381864	seawater metagenome	Metagenome or environmental sample from seawater metagenome	saline water	2013-02-11	Saudi Arabia: Thuwal	22.304 N 39.103 E	Niskin bottle	filtered onto a 2um CellTrap	4L	6.14	M158	0.0	0.16	0.0	4.25	0.069	1027.313	27.24	N,P,Si Day 1 single addition	7406997
367761	COEL20-1_SAMN07406997_MAG_00000018	mOTUv4.0_111389	Bacteria	Pseudomonadota	Alphaproteobacteria	Rhodobacterales	Rhodobacteraceae	LFER01	LFER01 sp011525185	82.65	90.2	1.51	7524	468	0.49	2791796	member	SAMN07406997	13	MG158	SAMN07406997	SRS2381864	seawater metagenome	Metagenome or environmental sample from seawater metagenome	saline water	2013-02-11	Saudi Arabia: Thuwal	22.304 N 39.103 E	Niskin bottle	filtered onto a 2um CellTrap	4L	6.14	M158	0.0	0.16	0.0	4.25	0.069	1027.313	27.24	N,P,Si Day 1 single addition	7406997
367762	COEL20-1_SAMN07406997_MAG_00000019	mOTUv4.0_051295	Bacteria	Bacteroidota	Bacteroidia	Flavobacteriales	Flavobacteriaceae	SCGC-AAA160-P02	Unknown SCGC-AAA160-P02	98.59	98.59	0.0	26235	130	0.36	2345525	member	SAMN07406997	13	MG158	SAMN07406997	SRS2381864	seawater metagenome	Metagenome or environmental sample from seawater metagenome	saline water	2013-02-11	Saudi Arabia: Thuwal	22.304 N 39.103 E	Niskin bottle	filtered onto a 2um CellTrap	4L	6.14	M158	0.0	0.16	0.0	4.25	0.069	1027.313	27.24	N,P,Si Day 1 single addition	7406997
367763	COEL20-1_SAMN07406997_MAG_00000020	no_mOTU	Bacteria	Pseudomonadota	Alphaproteobacteria	Caulobacterales	Hyphomonadaceae	Henriciella	Unknown Henriciella	81.67	95.77	2.82	9203	426	0.57	2978355	filtered	SAMN07406997	13	MG158	SAMN07406997	SRS2381864	seawater metagenome	Metagenome or environmental sample from seawater metagenome	saline water	2013-02-11	Saudi Arabia: Thuwal	22.304 N 39.103 E	Niskin bottle	filtered onto a 2um CellTrap	4L	6.14	M158	0.0	0.16	0.0	4.25	0.069	1027.313	27.24	N,P,Si Day 1 single addition	7406997
367764	COEL20-1_SAMN07406997_MAG_00000024	mOTUv4.0_059114	Bacteria	Actinomycetota	Actinomycetes	Actinomycetales	Microbacteriaceae	CAJXVY01	Unknown CAJXVY01	100.0	100.0	0.0	374404	14	0.5	1196154	representative	SAMN07406997	13	MG158	SAMN07406997	SRS2381864	seawater metagenome	Metagenome or environmental sample from seawater metagenome	saline water	2013-02-11	Saudi Arabia: Thuwal	22.304 N 39.103 E	Niskin bottle	filtered onto a 2um CellTrap	4L	6.14	M158	0.0	0.16	0.0	4.25	0.069	1027.313	27.24	N,P,Si Day 1 single addition	7406997
367765	COEL20-1_SAMN07406997_MAG_00000027	mOTUv4.0_026368	Bacteria	Bacteroidota	Bacteroidia	Chitinophagales	Saprospiraceae	AM-2324	Unknown AM-2324	97.18	97.18	0.0	26583	308	0.38	3814256	member	SAMN07406997	13	MG158	SAMN07406997	SRS2381864	seawater metagenome	Metagenome or environmental sample from seawater metagenome	saline water	2013-02-11	Saudi Arabia: Thuwal	22.304 N 39.103 E	Niskin bottle	filtered onto a 2um CellTrap	4L	6.14	M158	0.0	0.16	0.0	4.25	0.069	1027.313	27.24	N,P,Si Day 1 single addition	7406997
367767	COEL20-1_SAMN07406998_MAG_00000001	mOTUv4.0_016232	Bacteria	Bacteroidota	Bacteroidia	Flavobacteriales	Flavobacteriaceae	Polaribacter	Unknown Polaribacter	98.59	98.59	0.0	62558	78	0.36	2334155	representative	SAMN07406998	12	MG159	SAMN07406998	SRS2381893	seawater metagenome	Metagenome or environmental sample from seawater metagenome	saline water	2013-02-11	Saudi Arabia: Thuwal	22.304 N 39.103 E	Niskin bottle	filtered onto a 2um CellTrap	4L	25.967	M159	0.55	0.2	0.12	1.25	0.125	1027.315	27.292	N,P 2 week continuous addition	7406998
367772	COEL20-1_SAMN07406998_MAG_00000011	mOTUv4.0_059115	Bacteria	Bacteroidota	Bacteroidia	NS11-12g	UBA955	CALSPH01	Unknown CALSPH01	97.28	98.63	0.27	603925	39	0.38	2634933	representative	SAMN07406998	12	MG159	SAMN07406998	SRS2381893	seawater metagenome	Metagenome or environmental sample from seawater metagenome	saline water	2013-02-11	Saudi Arabia: Thuwal	22.304 N 39.103 E	Niskin bottle	filtered onto a 2um CellTrap	4L	25.967	M159	0.55	0.2	0.12	1.25	0.125	1027.315	27.292	N,P 2 week continuous addition	7406998
367776	COEL20-1_SAMN07406998_MAG_00000019	mOTUv4.0_006047	Bacteria	Pseudomonadota	Alphaproteobacteria	Rhodobacterales	Rhodobacteraceae	Dinoroseobacter	Dinoroseobacter sp013215265	86.96	95.11	1.63	14143	358	0.55	3204949	member	SAMN07406998	12	MG159	SAMN07406998	SRS2381893	seawater metagenome	Metagenome or environmental sample from seawater metagenome	saline water	2013-02-11	Saudi Arabia: Thuwal	22.304 N 39.103 E	Niskin bottle	filtered onto a 2um CellTrap	4L	25.967	M159	0.55	0.2	0.12	1.25	0.125	1027.315	27.292	N,P 2 week continuous addition	7406998
367779	COEL20-1_SAMN07407000_MAG_00000005	mOTUv4.0_008665	Bacteria	Pseudomonadota	Gammaproteobacteria	Pseudomonadales	Litorivicinaceae	HIMB30	HIMB30 sp000227525	98.59	98.59	0.0	36744	62	0.5	1501683	member	SAMN07407000	10	MG191	SAMN07407000	SRS2381870	seawater metagenome	Metagenome or environmental sample from seawater metagenome	saline water	2013-02-15	Saudi Arabia: Thuwal	22.304 N 39.103 E	Niskin bottle	filtered onto a 2um CellTrap	4L	11.537	M191	0.0	0.25	0.0	0.45	0.06	1027.624	26.845	control mesocosm	7407000
367780	COEL20-1_SAMN07407000_MAG_00000006	mOTUv4.0_051433	Bacteria	Pseudomonadota	Alphaproteobacteria	Rhodobacterales	Rhodobacteraceae	HIMB11	Unknown HIMB11	87.32	94.37	1.41	8148	378	0.51	2313987	member	SAMN07407000	10	MG191	SAMN07407000	SRS2381870	seawater metagenome	Metagenome or environmental sample from seawater metagenome	saline water	2013-02-15	Saudi Arabia: Thuwal	22.304 N 39.103 E	Niskin bottle	filtered onto a 2um CellTrap	4L	11.537	M191	0.0	0.25	0.0	0.45	0.06	1027.624	26.845	control mesocosm	7407000
367781	COEL20-1_SAMN07407000_MAG_00000008	mOTUv4.0_049352	Bacteria	Pseudomonadota	Gammaproteobacteria	SAR86	TMED112	TMED112	Unknown TMED112	88.72	95.77	1.41	49503	31	0.36	972767	representative	SAMN07407000	10	MG191	SAMN07407000	SRS2381870	seawater metagenome	Metagenome or environmental sample from seawater metagenome	saline water	2013-02-15	Saudi Arabia: Thuwal	22.304 N 39.103 E	Niskin bottle	filtered onto a 2um CellTrap	4L	11.537	M191	0.0	0.25	0.0	0.45	0.06	1027.624	26.845	control mesocosm	7407000
367788	COEL20-1_SAMN07407002_MAG_00000003	mOTUv4.0_059116	Bacteria	Pseudomonadota	Alphaproteobacteria	Caulobacterales	Hyphomonadaceae	Henriciella	Unknown Henriciella	86.03	94.18	1.63	12287	366	0.57	3203292	representative	SAMN07407002	8	MG193	SAMN07407002	SRS2381895	seawater metagenome	Metagenome or environmental sample from seawater metagenome	saline water	2013-02-15	Saudi Arabia: Thuwal	22.304 N 39.103 E	Niskin bottle	filtered onto a 2um CellTrap	4L	14.365	M193	0.0	0.22	0.0	1.25	0.178	1027.574	26.935	N,P,Si Day 1 single addition	7407002
367791	COEL20-1_SAMN07407002_MAG_00000006	mOTUv4.0_008665	Bacteria	Pseudomonadota	Gammaproteobacteria	Pseudomonadales	Litorivicinaceae	HIMB30	HIMB30 sp000227525	80.27	94.37	2.82	5844	265	0.5	1369022	member	SAMN07407002	8	MG193	SAMN07407002	SRS2381895	seawater metagenome	Metagenome or environmental sample from seawater metagenome	saline water	2013-02-15	Saudi Arabia: Thuwal	22.304 N 39.103 E	Niskin bottle	filtered onto a 2um CellTrap	4L	14.365	M193	0.0	0.22	0.0	1.25	0.178	1027.574	26.935	N,P,Si Day 1 single addition	7407002
367792	COEL20-1_SAMN07407003_MAG_00000001	mOTUv4.0_001073	Bacteria	Pseudomonadota	Alphaproteobacteria	Rhodobacterales	Rhodobacteraceae	M30B80	M30B80 sp015693905	93.98	98.13	0.83	51070	79	0.56	2268161	member	SAMN07407003	7	MG194	SAMN07407003	SRS2381850	seawater metagenome	Metagenome or environmental sample from seawater metagenome	saline water	2013-02-15	Saudi Arabia: Thuwal	22.304 N 39.103 E	Niskin bottle	filtered onto a 2um CellTrap	4L	23.976	M194	0.0	0.3	0.08	0.8	0.134	1026.576	26.971	N,P 2 week continuous addition	7407003
367795	COEL20-1_SAMN07407004_MAG_00000006	mOTUv4.0_059114	Bacteria	Actinomycetota	Actinomycetes	Actinomycetales	Microbacteriaceae	CAJXVY01	Unknown CAJXVY01	88.32	91.52	0.64	55163	43	0.5	1125936	member	SAMN07407004	6	MG195	SAMN07407004	SRS2381851	seawater metagenome	Metagenome or environmental sample from seawater metagenome	saline water	2013-02-15	Saudi Arabia: Thuwal	22.304 N 39.103 E	Niskin bottle	filtered onto a 2um CellTrap	4L	39.358	M195	0.0	0.25	0.4	19.6	0.102	1026.607	26.944	N,P,Si 2 week continuous addition	7407004
367798	COEL20-1_SAMN07407004_MAG_00000014	mOTUv4.0_016235	Bacteria	Bacteroidota	Bacteroidia	Flavobacteriales	Flavobacteriaceae	UBA3478	UBA3478 sp023264015	88.72	95.77	1.41	13588	171	0.44	1693359	member	SAMN07407004	6	MG195	SAMN07407004	SRS2381851	seawater metagenome	Metagenome or environmental sample from seawater metagenome	saline water	2013-02-15	Saudi Arabia: Thuwal	22.304 N 39.103 E	Niskin bottle	filtered onto a 2um CellTrap	4L	39.358	M195	0.0	0.25	0.4	19.6	0.102	1026.607	26.944	N,P,Si 2 week continuous addition	7407004
367799	COEL20-1_SAMN07407004_MAG_00000017	mOTUv4.0_059119	Bacteria	Pseudomonadota	Alphaproteobacteria	Parvibaculales	RS24	JAPPQG01	Unknown JAPPQG01	97.18	97.18	0.0	38749	88	0.48	1826853	member	SAMN07407004	6	MG195	SAMN07407004	SRS2381851	seawater metagenome	Metagenome or environmental sample from seawater metagenome	saline water	2013-02-15	Saudi Arabia: Thuwal	22.304 N 39.103 E	Niskin bottle	filtered onto a 2um CellTrap	4L	39.358	M195	0.0	0.25	0.4	19.6	0.102	1026.607	26.944	N,P,Si 2 week continuous addition	7407004
367800	COEL20-1_SAMN07407004_MAG_00000020	mOTUv4.0_059120	Bacteria	Pseudomonadota	Gammaproteobacteria	Pseudomonadales	Litorivicinaceae	HIMB30	Unknown HIMB30	94.37	94.37	0.0	11356	213	0.54	1779545	representative	SAMN07407004	6	MG195	SAMN07407004	SRS2381851	seawater metagenome	Metagenome or environmental sample from seawater metagenome	saline water	2013-02-15	Saudi Arabia: Thuwal	22.304 N 39.103 E	Niskin bottle	filtered onto a 2um CellTrap	4L	39.358	M195	0.0	0.25	0.4	19.6	0.102	1026.607	26.944	N,P,Si 2 week continuous addition	7407004
367803	COEL20-1_SAMN07407004_MAG_00000027	mOTUv4.0_001073	Bacteria	Pseudomonadota	Alphaproteobacteria	Rhodobacterales	Rhodobacteraceae	M30B80	M30B80 sp015693905	94.86	96.76	0.38	24175	135	0.56	2159978	member	SAMN07407004	6	MG195	SAMN07407004	SRS2381851	seawater metagenome	Metagenome or environmental sample from seawater metagenome	saline water	2013-02-15	Saudi Arabia: Thuwal	22.304 N 39.103 E	Niskin bottle	filtered onto a 2um CellTrap	4L	39.358	M195	0.0	0.25	0.4	19.6	0.102	1026.607	26.944	N,P,Si 2 week continuous addition	7407004
367808	COEL20-1_SAMN07407005_MAG_00000002	mOTUv4.0_051433	Bacteria	Pseudomonadota	Alphaproteobacteria	Rhodobacterales	Rhodobacteraceae	HIMB11	Unknown HIMB11	98.59	98.59	0.0	33764	136	0.5	2542640	member	SAMN07407005	5	MG196	SAMN07407005	SRS2381898	seawater metagenome	Metagenome or environmental sample from seawater metagenome	saline water	2013-02-15	Saudi Arabia: Thuwal	22.304 N 39.103 E	Niskin bottle	filtered onto a 2um CellTrap	4L	7.698	M196	0.0	0.25	0.0	0.65	0.051	1027.764	26.94	control mesocosm	7407005
367814	COEL20-1_SAMN07407006_MAG_00000006	mOTUv4.0_016237	Bacteria	Pseudomonadota	Alphaproteobacteria	Rhodobacterales	Rhodobacteraceae	JAEPMR01	JAEPMR01 sp017643845	87.32	94.37	1.41	10027	333	0.58	2238188	member	SAMN07407006	4	MG197	SAMN07407006	SRS2381845	seawater metagenome	Metagenome or environmental sample from seawater metagenome	saline water	2013-02-15	Saudi Arabia: Thuwal	22.304 N 39.103 E	Niskin bottle	filtered onto a 2um CellTrap	4L	12.922	M197	0.0	0.22	0.0	0.4	0.079	1027.661	26.908	N,P Day 1 single addition	7407006
367816	COEL20-1_SAMN07407006_MAG_00000008	mOTUv4.0_001914	Archaea	Thermoplasmatota	Poseidoniia	Poseidoniales	Poseidoniaceae	MGIIa-L1	MGIIa-L1 sp011526375	89.45	96.05	1.32	22881	130	0.43	1884000	representative	SAMN07407006	4	MG197	SAMN07407006	SRS2381845	seawater metagenome	Metagenome or environmental sample from seawater metagenome	saline water	2013-02-15	Saudi Arabia: Thuwal	22.304 N 39.103 E	Niskin bottle	filtered onto a 2um CellTrap	4L	12.922	M197	0.0	0.22	0.0	0.4	0.079	1027.661	26.908	N,P Day 1 single addition	7407006
367820	COEL20-1_SAMN07407007_MAG_00000004	mOTUv4.0_001073	Bacteria	Pseudomonadota	Alphaproteobacteria	Rhodobacterales	Rhodobacteraceae	M30B80	M30B80 sp015693905	89.81	93.96	0.83	16446	194	0.56	2070555	member	SAMN07407007	3	MG198	SAMN07407007	SRS2381868	seawater metagenome	Metagenome or environmental sample from seawater metagenome	saline water	2013-02-15	Saudi Arabia: Thuwal	22.304 N 39.103 E	Niskin bottle	filtered onto a 2um CellTrap	4L	27.872	M198	0.0	0.25	0.08	6.8	0.069	1027.834	26.83	N,P,Si Day 1 single addition	7407007
367823	COEL20-1_SAMN07407009_MAG_00000003	mOTUv4.0_005219	Bacteria	Bacteroidota	Bacteroidia	Flavobacteriales	Schleiferiaceae	UBA10364	UBA10364 sp003023665	98.56	98.66	0.02	42405	90	0.41	2062285	member	SAMN07407009	1	MG200	SAMN07407009	SRS2381869	seawater metagenome	Metagenome or environmental sample from seawater metagenome	saline water	2013-02-15	Saudi Arabia: Thuwal	22.304 N 39.103 E	Niskin bottle	filtered onto a 2um CellTrap	4L	27.958	M200	0.0	0.25	0.14	10.2	0.092	1027.814	26.86	N,P,Si 2 week continuous addition	7407009
367824	COEL20-1_SAMN07407009_MAG_00000005	mOTUv4.0_059119	Bacteria	Pseudomonadota	Alphaproteobacteria	Parvibaculales	RS24	JAPPQG01	Unknown JAPPQG01	97.45	98.55	0.22	28084	114	0.48	1742870	representative	SAMN07407009	1	MG200	SAMN07407009	SRS2381869	seawater metagenome	Metagenome or environmental sample from seawater metagenome	saline water	2013-02-15	Saudi Arabia: Thuwal	22.304 N 39.103 E	Niskin bottle	filtered onto a 2um CellTrap	4L	27.958	M200	0.0	0.25	0.14	10.2	0.092	1027.814	26.86	N,P,Si 2 week continuous addition	7407009
367826	COEL20-1_SAMN07407009_MAG_00000007	mOTUv4.0_001073	Bacteria	Pseudomonadota	Alphaproteobacteria	Rhodobacterales	Rhodobacteraceae	M30B80	M30B80 sp015693905	94.96	98.11	0.63	45082	94	0.56	2293940	member	SAMN07407009	1	MG200	SAMN07407009	SRS2381869	seawater metagenome	Metagenome or environmental sample from seawater metagenome	saline water	2013-02-15	Saudi Arabia: Thuwal	22.304 N 39.103 E	Niskin bottle	filtered onto a 2um CellTrap	4L	27.958	M200	0.0	0.25	0.14	10.2	0.092	1027.814	26.86	N,P,Si 2 week continuous addition	7407009
